,reads.in,reads.out
1_run2_BASS_DEG_BS_5-16S_V3-V4_AAG5LH3M5_GAATTACAAG-ACCGGCTCAG_L001_R1.trimmed.fastq.gz,1478346,1073996
10_run2_ACP_BARE_BS_3-16S_V3-V4_AAG5LH3M5_ACGGTCCAAC-TCTTACATCA_L001_R1.trimmed.fastq.gz,655179,475535
100_run1_TRUG_NAT_RZ_4-16S_V3-V4_AAGKLK3M5_GCGTATTAAT-TGCGGTGTTG_L001_R1.trimmed.fastq.gz,217834,153451
101_run2_ACP_BARE_RZ_3-16S_V3-V4_AAG5LH3M5_GATAGCCTTG-TACCACAATG_L001_R1.trimmed.fastq.gz,377627,273370
102_run1_TRUG_BARE_RZ_5-16S_V3-V4_AAGKLK3M5_GAGGAGCTTC-GACGTATACA_L001_R1.trimmed.fastq.gz,328718,234377
103_run2_ACP_BARE_RZ_2-16S_V3-V4_AAG5LH3M5_CAACCAAGTA-CCATCCACGC_L001_R1.trimmed.fastq.gz,170292,123620
104_run1_ACP_NAT_RZ_3-16S_V3-V4_AAGKLK3M5_CCTGACCACT-TCTTGGCTAT_L001_R1.trimmed.fastq.gz,266749,191028
105_run2_ACP_NAT_RZ_2-16S_V3-V4_AAG5LH3M5_TCGTGCATTC-GCGTTGGTAT_L001_R1.trimmed.fastq.gz,509152,369577
106_run2_ACP_BESE_RZ_4-16S_V3-V4_AAG5LH3M5_TAGTGGCTTG-AGTTACTTGG_L001_R1.trimmed.fastq.gz,154942,111765
107_run2_ACP_NAT_RZ_1-16S_V3-V4_AAG5LH3M5_TTAAGACAAG-GGCTTAATTG_L001_R1.trimmed.fastq.gz,221124,160310
108_run1_TRUG_NAT_RZ_3-16S_V3-V4_AAGKLK3M5_CTAAGTACGC-AACATACCTA_L001_R1.trimmed.fastq.gz,405234,287150
11_run2_ACP_BESE_BS_4-16S_V3-V4_AAG5LH3M5_CACTCAATTC-TTAAGTTGTG_L001_R1.trimmed.fastq.gz,128135,93527
12_run2_ACP_DEG_BS_5-16S_V3-V4_AAG5LH3M5_TTCTGTAGAA-GAGCGCAATA_L001_R1.trimmed.fastq.gz,451878,328607
13_run2_ACP_BESE_BS_5-16S_V3-V4_AAG5LH3M5_TAGAATTGGA-GTTAATCTGA_L001_R1.trimmed.fastq.gz,445132,324018
14_run2_ACP_NAT_BS_5-16S_V3-V4_AAG5LH3M5_GATATTGTGT-ACCACACGGT_L001_R1.trimmed.fastq.gz,568049,412512
15_run2_ACP_BESE_BS_3-16S_V3-V4_AAG5LH3M5_ATAGCCAAGA-AGTGCCACTG_L001_R1.trimmed.fastq.gz,221679,161834
16_run2_BASS_BESE_BS_3-16S_V3-V4_AAG5LH3M5_GGCCAATATT-CGGTCCGATA_L001_R1.trimmed.fastq.gz,198845,144919
17_run2_TRUG_BESE_BS_4-16S_V3-V4_AAG5LH3M5_ACAGCGACCA-CAGGAGCTCT_L001_R1.trimmed.fastq.gz,318818,231893
18_run2_ACP_BESE_BS_2-16S_V3-V4_AAG5LH3M5_GTTCGGAGTT-CGCCTTCTGA_L001_R1.trimmed.fastq.gz,173087,125422
19_run2_TRUG_DEG_BS_4-16S_V3-V4_AAG5LH3M5_TTAACGGTGT-TCCTGACCGT_L001_R1.trimmed.fastq.gz,355800,259062
2_run2_BASS_BESE_BS_4-16S_V3-V4_AAG5LH3M5_AGAGAACCTA-GGTTATGCTA_L001_R1.trimmed.fastq.gz,195394,142311
20_run2_TRUG_BARE_BS_3-16S_V3-V4_AAG5LH3M5_GCACCACCAA-TGGTACTGAT_L001_R1.trimmed.fastq.gz,128954,93891
21_run2_ACP_NAT_BS_1-16S_V3-V4_AAG5LH3M5_GATCGTCGCG-CTGGATATGT_L001_R1.trimmed.fastq.gz,1220599,885751
22_run2_TRUG_BARE_BS_2-16S_V3-V4_AAG5LH3M5_GTAACTTGGT-CGCCATACCT_L001_R1.trimmed.fastq.gz,881483,640046
23_run2_TRUG_BESE_BS_2-16S_V3-V4_AAG5LH3M5_TCTCACACGC-CGGACAGTGA_L001_R1.trimmed.fastq.gz,121045,88095
24_run2_ACP_DEG_BS_1-16S_V3-V4_AAG5LH3M5_GAACGCAATA-ATCTTACTGT_L001_R1.trimmed.fastq.gz,447413,326485
25_run2_BASS_BESE_BS_2-16S_V3-V4_AAG5LH3M5_AGGCAGCTCT-CGGCTAACGT_L001_R1.trimmed.fastq.gz,171715,124534
26_run2_TRUG_BARE_BS_4-16S_V3-V4_AAG5LH3M5_CGTACAGGAA-TAGGTTCTCT_L001_R1.trimmed.fastq.gz,408192,296912
27_run2_ACP_BARE_BS_5-16S_V3-V4_AAG5LH3M5_TTCGGTGTGA-GAACAAGTAT_L001_R1.trimmed.fastq.gz,705078,510580
28_run1_TRUG_NAT_BS_4-16S_V3-V4_AAGKLK3M5_CCATCTCGCC-TTCTATGGTT_L001_R1.trimmed.fastq.gz,437532,307138
29_run1_TRUG_NAT_BS_1-16S_V3-V4_AAGKLK3M5_CCTGTCTGTC-ACTGTTGTGA_L001_R1.trimmed.fastq.gz,423134,299539
3_run2_ACP_BARE_BS_4-16S_V3-V4_AAG5LH3M5_TCTAGGCGCG-CGAAGGTTAA_L001_R1.trimmed.fastq.gz,96849,70058
30_run1_ACP_NAT_BS_2-16S_V3-V4_AAGKLK3M5_CTGTTGGTCC-ATAGACCGTT_L001_R1.trimmed.fastq.gz,385987,275710
31_run2_BASS_DEG_BS_1-16S_V3-V4_AAG5LH3M5_ACTTGTTATC-CGCGCCTAGA_L001_R1.trimmed.fastq.gz,631393,459895
32_run1_BASS_NAT_BS_3-16S_V3-V4_AAGKLK3M5_TTCACGAGAC-AGATTGTTAC_L001_R1.trimmed.fastq.gz,393303,281399
33_run2_BASS_DEG_BS_2-16S_V3-V4_AAG5LH3M5_CCGACCTGTC-TGCTCATAAC_L001_R1.trimmed.fastq.gz,849603,617927
34_run1_ACP_NAT_BS_3-16S_V3-V4_AAGKLK3M5_TCAGAAGGCG-GGCCATCATA_L001_R1.trimmed.fastq.gz,261463,186606
35_run2_BASS_BARE_BS_3-16S_V3-V4_AAG5LH3M5_TCAATGGAGA-GCACTACAAC_L001_R1.trimmed.fastq.gz,299224,217695
36_run2_BASS_BARE_BS_2-16S_V3-V4_AAG5LH3M5_AGTACTCATG-ATGTCGTGGT_L001_R1.trimmed.fastq.gz,681151,494015
37_run2_BASS_DEG_BS_3-16S_V3-V4_AAG5LH3M5_ATCGGCGAAG-TCCAAGAATT_L001_R1.trimmed.fastq.gz,251798,182872
38_run2_ACP_DEG_BS_3-16S_V3-V4_AAG5LH3M5_CTGCGTTACC-TATGGCTCGA_L001_R1.trimmed.fastq.gz,557757,404541
39_run1_BASS_NAT_BS_1-16S_V3-V4_AAGKLK3M5_ACCGGCCGTA-TGGCAATATT_L001_R1.trimmed.fastq.gz,559404,398545
40_run2_BASS_BARE_BS_5-16S_V3-V4_AAG5LH3M5_TACGTGAAGG-CGGTTATTAG_L001_R1.trimmed.fastq.gz,362143,263470
41_run2_BASS_BESE_BS_1-16S_V3-V4_AAG5LH3M5_AAGTGTTAGG-GCTAGTTCCG_L001_R1.trimmed.fastq.gz,416833,303063
42_run2_BASS_BESE_BS_5-16S_V3-V4_AAG5LH3M5_GCAATATTCA-GGCGCCAATT_L001_R1.trimmed.fastq.gz,465116,338301
43_run1_BASS_NAT_BS_2-16S_V3-V4_AAGKLK3M5_CACGGAACAA-AACCTAGCAC_L001_R1.trimmed.fastq.gz,357614,255462
44_run2_TRUG_DEG_BS_5-16S_V3-V4_AAG5LH3M5_CCTCCGGTTG-CATAACACCA_L001_R1.trimmed.fastq.gz,279086,202229
45_run1_BASS_NAT_BS_5-16S_V3-V4_AAGKLK3M5_ACTGGATCTA-TCGCCGCTAG_L001_R1.trimmed.fastq.gz,663602,471294
46_run2_TRUG_DEG_BS_3-16S_V3-V4_AAG5LH3M5_TGCTACTGCC-CAACCGGAGG_L001_R1.trimmed.fastq.gz,456256,331504
47_run2_ACP_BESE_BS_1-16S_V3-V4_AAG5LH3M5_ATATGCATGT-TGGTGCCTGG_L001_R1.trimmed.fastq.gz,1178001,853208
49_run2_TRUG_BESE_BS_3-16S_V3-V4_AAG5LH3M5_CCGTGACCGA-CCGAACGTTG_L001_R1.trimmed.fastq.gz,843347,615012
5_run2_BASS_DEG_BS_4-16S_V3-V4_AAG5LH3M5_GTGCTAGGTT-TGAATATTGC_L001_R1.trimmed.fastq.gz,583395,424890
50_run1_TRUG_NAT_BS_3-16S_V3-V4_AAGKLK3M5_GCCGCACTCT-TCCGACCTCG_L001_R1.trimmed.fastq.gz,365278,257677
51_run2_BASS_BARE_BS_1-16S_V3-V4_AAG5LH3M5_AACGAGGCCG-ATACCTGGAT_L001_R1.trimmed.fastq.gz,807039,585230
52_run2_TRUG_BESE_BS_5-16S_V3-V4_AAG5LH3M5_CTTATTGGCC-GATAACAAGT_L001_R1.trimmed.fastq.gz,392595,285669
53_run2_ACP_DEG_BS_2-16S_V3-V4_AAG5LH3M5_GATTCTGAAT-AGCGGTGGAC_L001_R1.trimmed.fastq.gz,964515,700442
54_run1_TRUG_NAT_BS_2-16S_V3-V4_AAGKLK3M5_TGGCTAATCA-AGGCATGTAG_L001_R1.trimmed.fastq.gz,464821,326387
55_run1_TRUG_NAT_BS_5-16S_V3-V4_AAGKLK3M5_CCAAGGCCTT-TCGAAGTACT_L001_R1.trimmed.fastq.gz,416021,293774
56_run1_ACP_NAT_BS_4-16S_V3-V4_AAGKLK3M5_TCTGGTATCC-CGTTGCTTAC_L001_R1.trimmed.fastq.gz,382821,270960
57_run2_TRUG_BESE_BS_1-16S_V3-V4_AAG5LH3M5_AATGCGAACA-AATTGGCGGA_L001_R1.trimmed.fastq.gz,72055,52145
58_run2_TRUG_BARE_BS_5-16S_V3-V4_AAG5LH3M5_CAACACCGCA-GGCAGTAGCA_L001_R1.trimmed.fastq.gz,394848,286589
59_run2_TRUG_DEG_BS_1-16S_V3-V4_AAG5LH3M5_CTAGCTTCAA-TGTGTAAGCT_L001_R1.trimmed.fastq.gz,219532,159787
6_run2_ACP_BARE_BS_1-16S_V3-V4_AAG5LH3M5_CCACGCTGAA-TATTCCTCAG_L001_R1.trimmed.fastq.gz,244729,178200
60_run2_TRUG_BARE_BS_1-16S_V3-V4_AAG5LH3M5_TAATTAGCGT-TGGTTAAGAA_L001_R1.trimmed.fastq.gz,369615,269462
63_run1_BASS_BARE_RZ_1-16S_V3-V4_AAGKLK3M5_GTGCAGACAG-TACCATCCGT_L001_R1.trimmed.fastq.gz,354176,252674
64_run2_TRUG_BESE_RZ_3-16S_V3-V4_AAG5LH3M5_ACAACTACTG-AGTTATCACA_L001_R1.trimmed.fastq.gz,526732,381786
65_run2_BASS_BARE_RZ_4-16S_V3-V4_AAG5LH3M5_TAGAGAATAC-TATAGATTCG_L001_R1.trimmed.fastq.gz,742411,541389
66_run1_TRUG_BESE_RZ_1-16S_V3-V4_AAGKLK3M5_AACACTGTTA-GCAAGTCTCA_L001_R1.trimmed.fastq.gz,437525,311847
67_run2_TRUG_BESE_RZ_2-16S_V3-V4_AAG5LH3M5_CATATGCGAT-CCTTGAACGG_L001_R1.trimmed.fastq.gz,635831,461886
68_run1_TRUG_BESE_RZ_5-16S_V3-V4_AAGKLK3M5_CATTAGTGCG-TGACTACATA_L001_R1.trimmed.fastq.gz,386738,276821
69_run2_BASS_BESE_RZ_4-16S_V3-V4_AAG5LH3M5_AATTCTTGGA-TTGTCAACTT_L001_R1.trimmed.fastq.gz,72779,52623
7_run2_ACP_DEG_BS_4-16S_V3-V4_AAG5LH3M5_AATTCCATCT-CTTCAGTTAC_L001_R1.trimmed.fastq.gz,589620,429235
70_run1_BASS_NAT_RZ_2-16S_V3-V4_AAGKLK3M5_TCATAGATTG-GATTAAGGTG_L001_R1.trimmed.fastq.gz,552660,395534
71_run1_BASS_BARE_RZ_2-16S_V3-V4_AAGKLK3M5_CTAGTGCTCT-TGGAACAGTA_L001_R1.trimmed.fastq.gz,532504,379696
72_run1_TRUG_NAT_RZ_2-16S_V3-V4_AAGKLK3M5_TCCATTGCCG-GAATGCACGA_L001_R1.trimmed.fastq.gz,303391,213051
73_run2_ACP_BARE_RZ_4-16S_V3-V4_AAG5LH3M5_TCCGCCAATT-CTCCGTGCTG_L001_R1.trimmed.fastq.gz,312763,227504
74_run2_BASS_BESE_RZ_2-16S_V3-V4_AAG5LH3M5_GCTGACGTTG-TGTTCGCATT_L001_R1.trimmed.fastq.gz,307226,223001
75_run2_BASS_NAT_RZ_4-16S_V3-V4_AAG5LH3M5_TGGCCTCTGT-TGAGACAGCG_L001_R1.trimmed.fastq.gz,148390,108009
76_run2_ACP_BESE_RZ_3-16S_V3-V4_AAG5LH3M5_GTTGGATGAA-TTCCAGGTAA_L001_R1.trimmed.fastq.gz,631772,459268
77_run2_BASS_BESE_RZ_1-16S_V3-V4_AAG5LH3M5_TTGTATCAGG-ACAGAGGCCA_L001_R1.trimmed.fastq.gz,304952,221802
78_run2_ACP_BESE_RZ_1-16S_V3-V4_AAG5LH3M5_TCCGGACTAG-GACGAACAAT_L001_R1.trimmed.fastq.gz,180101,131043
79_run2_TRUG_BARE_RZ_4-16S_V3-V4_AAG5LH3M5_AGCCTATGAT-CACCACCTAC_L001_R1.trimmed.fastq.gz,493524,359154
8_run2_ACP_BARE_BS_2-16S_V3-V4_AAG5LH3M5_ATGTTGTTGG-CAATCTATGA_L001_R1.trimmed.fastq.gz,196635,143132
80_run2_BASS_BESE_RZ_3-16S_V3-V4_AAG5LH3M5_GGACCAGTGG-CGCGAGCCTA_L001_R1.trimmed.fastq.gz,220693,160006
81_run2_BASS_BESE_RZ_5-16S_V3-V4_AAG5LH3M5_TTCCTACAGC-GGCGAATTCT_L001_R1.trimmed.fastq.gz,1450006,1053231
82_run1_TRUG_BARE_RZ_1-16S_V3-V4_AAGKLK3M5_GTATTCCACC-ATGTAGACAA_L001_R1.trimmed.fastq.gz,481238,342733
83_run2_BASS_BARE_RZ_3-16S_V3-V4_AAG5LH3M5_GGTCTATTAA-CCACGACACG_L001_R1.trimmed.fastq.gz,1880624,1366559
84_run2_TRUG_BARE_RZ_3-16S_V3-V4_AAG5LH3M5_TGATGGCTAC-CCAACAACAT_L001_R1.trimmed.fastq.gz,1370538,986631
85_run2_TRUG_BESE_RZ_4-16S_V3-V4_AAG5LH3M5_AGGACAGGCC-CATTCCAGCT_L001_R1.trimmed.fastq.gz,144712,104178
86_run2_ACP_BESE_RZ_5-16S_V3-V4_AAG5LH3M5_CTAATAACCG-AACCGCATCG_L001_R1.trimmed.fastq.gz,754826,549099
87_run2_BASS_NAT_RZ_3-16S_V3-V4_AAG5LH3M5_CCAGGCACCA-ACGCTAATTA_L001_R1.trimmed.fastq.gz,424643,309668
88_run2_BASS_NAT_RZ_1-16S_V3-V4_AAG5LH3M5_AATCCAATTG-CATGTAGAGG_L001_R1.trimmed.fastq.gz,751062,548198
89_run2_ACP_BESE_RZ_2-16S_V3-V4_AAG5LH3M5_CACAGCGGTC-ATTCCTATTG_L001_R1.trimmed.fastq.gz,562517,406567
9_run2_BASS_BARE_BS_4-16S_V3-V4_AAG5LH3M5_CTCGAATATA-GAGATGTCGA_L001_R1.trimmed.fastq.gz,1344069,981167
90_run1_TRUG_NAT_RZ_5-16S_V3-V4_AAGKLK3M5_TGGCGCGAAC-AACTGATACT_L001_R1.trimmed.fastq.gz,781613,550496
91_run2_BASS_BARE_RZ_5-16S_V3-V4_AAG5LH3M5_TATGACAATC-TTGCTTGTAT_L001_R1.trimmed.fastq.gz,636173,463479
93_run2_ACP_NAT_RZ_5-16S_V3-V4_AAG5LH3M5_ATCCAGGTAT-CAACGTCAGC_L001_R1.trimmed.fastq.gz,251364,182818
94_run2_ACP_BARE_RZ_1-16S_V3-V4_AAG5LH3M5_CCGGTAACAC-GAGTTGTACT_L001_R1.trimmed.fastq.gz,840103,609053
95_run2_BASS_NAT_RZ_5-16S_V3-V4_AAG5LH3M5_TTCAAGTATG-GATGGTATCG_L001_R1.trimmed.fastq.gz,57826,42009
96_run2_ACP_BARE_RZ_5-16S_V3-V4_AAG5LH3M5_ATTCGGTACA-AGTCCGAGGA_L001_R1.trimmed.fastq.gz,290044,208865
97_run2_TRUG_BARE_RZ_2-16S_V3-V4_AAG5LH3M5_CCAAGAGGTG-AACGAGCCAG_L001_R1.trimmed.fastq.gz,104415,76030
98_run1_TRUG_NAT_RZ_1-16S_V3-V4_AAGKLK3M5_CTCCACTAAT-TGTACTTGTT_L001_R1.trimmed.fastq.gz,303527,215782
99_run2_ACP_NAT_RZ_4-16S_V3-V4_AAG5LH3M5_GCAACCAGTC-CACCGAGGAA_L001_R1.trimmed.fastq.gz,164114,119527